invoice_id,customer_id,amount_due,amount_paid,status,created_at
inv_00001,cust_0001,2999,2999,paid,2025-03-29
inv_00002,cust_0001,499,999,paid,2025-04-28
inv_00003,cust_0001,499,999,paid,2025-05-28
inv_00004,cust_0001,999,999,paid,2025-06-27
inv_00005,cust_0002,2999,2999,paid,2025-10-02
inv_00006,cust_0002,499,2999,paid,2025-11-01
inv_00007,cust_0002,499,499,paid,2025-12-01
inv_00008,cust_0002,999,999,paid,2025-12-31
inv_00009,cust_0002,2999,499,paid,2026-01-30
inv_00010,cust_0002,999,2999,paid,2026-03-01
inv_00011,cust_0003,999,499,paid,2025-12-29
inv_00012,cust_0003,499,2999,paid,2026-01-28
inv_00013,cust_0003,999,2999,paid,2026-02-27
inv_00014,cust_0003,999,2999,paid,2026-03-29
inv_00015,cust_0003,2999,2999,paid,2026-04-28
inv_00016,cust_0003,999,2999,paid,2026-05-28
inv_00017,cust_0003,499,999,paid,2026-06-27
inv_00018,cust_0003,499,0,failed,2026-07-27
inv_00019,cust_0004,2999,0,failed,2025-07-18
inv_00020,cust_0004,499,2999,paid,2025-08-17
inv_00021,cust_0004,2999,0,failed,2025-09-16
inv_00022,cust_0004,2999,2999,paid,2025-10-16
inv_00023,cust_0004,2999,2999,paid,2025-11-15
inv_00024,cust_0004,499,499,paid,2025-12-15
inv_00025,cust_0005,999,499,paid,2025-10-31
inv_00026,cust_0005,2999,0,failed,2025-11-30
inv_00027,cust_0005,499,0,failed,2025-12-30
inv_00028,cust_0005,999,2999,paid,2026-01-29
inv_00029,cust_0005,2999,499,paid,2026-02-28
inv_00030,cust_0006,499,0,failed,2026-02-06
inv_00031,cust_0006,999,999,paid,2026-03-08
inv_00032,cust_0006,499,499,paid,2026-04-07
inv_00033,cust_0006,499,999,paid,2026-05-07
inv_00034,cust_0006,999,999,paid,2026-06-06
inv_00035,cust_0006,2999,0,failed,2026-07-06
inv_00036,cust_0006,499,499,paid,2026-08-05
inv_00037,cust_0006,499,999,paid,2026-09-04
inv_00038,cust_0007,999,0,failed,2025-03-24
inv_00039,cust_0007,499,2999,paid,2025-04-23
inv_00040,cust_0007,999,999,paid,2025-05-23
inv_00041,cust_0007,2999,999,paid,2025-06-22
inv_00042,cust_0008,499,2999,paid,2025-07-05
inv_00043,cust_0008,499,2999,paid,2025-08-04
inv_00044,cust_0008,2999,499,paid,2025-09-03
inv_00045,cust_0008,499,2999,paid,2025-10-03
inv_00046,cust_0008,499,0,failed,2025-11-02
inv_00047,cust_0008,499,499,paid,2025-12-02
inv_00048,cust_0008,2999,2999,paid,2026-01-01
inv_00049,cust_0009,999,499,paid,2025-11-30
inv_00050,cust_0009,999,2999,paid,2025-12-30
inv_00051,cust_0009,499,0,failed,2026-01-29
inv_00052,cust_0009,2999,2999,paid,2026-02-28
inv_00053,cust_0009,999,499,paid,2026-03-30
inv_00054,cust_0009,499,0,failed,2026-04-29
inv_00055,cust_0009,499,999,paid,2026-05-29
inv_00056,cust_0009,499,0,failed,2026-06-28
inv_00057,cust_0010,999,2999,paid,2025-12-02
inv_00058,cust_0010,2999,999,paid,2026-01-01
inv_00059,cust_0010,999,999,paid,2026-01-31
inv_00060,cust_0010,999,999,paid,2026-03-02
inv_00061,cust_0010,499,0,failed,2026-04-01
inv_00062,cust_0011,999,2999,paid,2025-12-29
inv_00063,cust_0011,499,0,failed,2026-01-28
inv_00064,cust_0011,2999,2999,paid,2026-02-27
inv_00065,cust_0011,999,2999,paid,2026-03-29
inv_00066,cust_0011,999,499,paid,2026-04-28
inv_00067,cust_0011,999,999,paid,2026-05-28
inv_00068,cust_0011,2999,0,failed,2026-06-27
inv_00069,cust_0012,499,999,paid,2025-08-20
inv_00070,cust_0012,999,999,paid,2025-09-19
inv_00071,cust_0012,499,499,paid,2025-10-19
inv_00072,cust_0012,999,2999,paid,2025-11-18
inv_00073,cust_0012,2999,999,paid,2025-12-18
inv_00074,cust_0012,499,0,failed,2026-01-17
inv_00075,cust_0012,499,999,paid,2026-02-16
inv_00076,cust_0013,2999,499,paid,2026-01-28
inv_00077,cust_0013,999,999,paid,2026-02-27
inv_00078,cust_0013,2999,0,failed,2026-03-29
inv_00079,cust_0013,2999,999,paid,2026-04-28
inv_00080,cust_0013,499,499,paid,2026-05-28
inv_00081,cust_0013,999,499,paid,2026-06-27
inv_00082,cust_0013,999,2999,paid,2026-07-27
inv_00083,cust_0014,2999,0,failed,2025-08-10
inv_00084,cust_0014,2999,499,paid,2025-09-09
inv_00085,cust_0015,2999,499,paid,2025-04-04
inv_00086,cust_0015,499,499,paid,2025-05-04
inv_00087,cust_0015,2999,499,paid,2025-06-03
inv_00088,cust_0016,999,2999,paid,2025-04-30
inv_00089,cust_0016,999,999,paid,2025-05-30
inv_00090,cust_0016,499,999,paid,2025-06-29
inv_00091,cust_0017,499,999,paid,2026-01-27
inv_00092,cust_0017,2999,2999,paid,2026-02-26
inv_00093,cust_0017,999,499,paid,2026-03-28
inv_00094,cust_0017,999,999,paid,2026-04-27
inv_00095,cust_0017,999,2999,paid,2026-05-27
inv_00096,cust_0017,2999,999,paid,2026-06-26
inv_00097,cust_0017,2999,2999,paid,2026-07-26
inv_00098,cust_0017,499,999,paid,2026-08-25
inv_00099,cust_0018,999,999,paid,2026-01-10
inv_00100,cust_0018,999,2999,paid,2026-02-09
inv_00101,cust_0018,499,999,paid,2026-03-11
inv_00102,cust_0018,2999,499,paid,2026-04-10
inv_00103,cust_0018,499,999,paid,2026-05-10
inv_00104,cust_0018,2999,999,paid,2026-06-09
inv_00105,cust_0018,999,999,paid,2026-07-09
inv_00106,cust_0018,499,2999,paid,2026-08-08
inv_00107,cust_0019,2999,499,paid,2025-08-09
inv_00108,cust_0019,499,999,paid,2025-09-08
inv_00109,cust_0019,499,999,paid,2025-10-08
inv_00110,cust_0019,499,999,paid,2025-11-07
inv_00111,cust_0019,2999,999,paid,2025-12-07
inv_00112,cust_0019,999,499,paid,2026-01-06
inv_00113,cust_0019,999,999,paid,2026-02-05
inv_00114,cust_0019,2999,999,paid,2026-03-07
inv_00115,cust_0020,2999,2999,paid,2025-08-17
inv_00116,cust_0020,2999,999,paid,2025-09-16
inv_00117,cust_0021,2999,999,paid,2025-11-04
inv_00118,cust_0021,499,0,failed,2025-12-04
inv_00119,cust_0021,999,2999,paid,2026-01-03
inv_00120,cust_0021,499,2999,paid,2026-02-02
inv_00121,cust_0021,2999,499,paid,2026-03-04
inv_00122,cust_0021,999,499,paid,2026-04-03
inv_00123,cust_0021,999,0,failed,2026-05-03
inv_00124,cust_0021,999,499,paid,2026-06-02
inv_00125,cust_0021,999,999,paid,2026-07-02
inv_00126,cust_0021,499,499,paid,2026-08-01
inv_00127,cust_0021,2999,2999,paid,2026-08-31
inv_00128,cust_0021,499,499,paid,2026-09-30
inv_00129,cust_0022,2999,999,paid,2025-03-25
inv_00130,cust_0022,2999,999,paid,2025-04-24
inv_00131,cust_0023,999,2999,paid,2025-11-24
inv_00132,cust_0023,499,2999,paid,2025-12-24
inv_00133,cust_0023,999,999,paid,2026-01-23
inv_00134,cust_0024,999,499,paid,2025-11-28
inv_00135,cust_0024,999,2999,paid,2025-12-28
inv_00136,cust_0024,2999,999,paid,2026-01-27
inv_00137,cust_0024,499,999,paid,2026-02-26
inv_00138,cust_0024,499,999,paid,2026-03-28
inv_00139,cust_0024,999,2999,paid,2026-04-27
inv_00140,cust_0024,999,2999,paid,2026-05-27
inv_00141,cust_0024,2999,0,failed,2026-06-26
inv_00142,cust_0024,2999,499,paid,2026-07-26
inv_00143,cust_0024,499,2999,paid,2026-08-25
inv_00144,cust_0024,999,2999,paid,2026-09-24
inv_00145,cust_0025,2999,499,paid,2025-03-29
inv_00146,cust_0025,2999,499,paid,2025-04-28
inv_00147,cust_0025,999,0,failed,2025-05-28
inv_00148,cust_0025,2999,2999,paid,2025-06-27
inv_00149,cust_0025,2999,499,paid,2025-07-27
inv_00150,cust_0026,499,2999,paid,2025-09-06
inv_00151,cust_0026,499,999,paid,2025-10-06
inv_00152,cust_0027,499,499,paid,2025-09-11
inv_00153,cust_0027,2999,999,paid,2025-10-11
inv_00154,cust_0027,499,499,paid,2025-11-10
inv_00155,cust_0027,2999,999,paid,2025-12-10
inv_00156,cust_0027,499,999,paid,2026-01-09
inv_00157,cust_0027,999,999,paid,2026-02-08
inv_00158,cust_0027,499,999,paid,2026-03-10
inv_00159,cust_0027,499,499,paid,2026-04-09
inv_00160,cust_0027,2999,499,paid,2026-05-09
inv_00161,cust_0027,2999,999,paid,2026-06-08
inv_00162,cust_0028,999,0,failed,2025-11-03
inv_00163,cust_0028,2999,0,failed,2025-12-03
inv_00164,cust_0028,999,0,failed,2026-01-02
inv_00165,cust_0028,999,2999,paid,2026-02-01
inv_00166,cust_0028,999,2999,paid,2026-03-03
inv_00167,cust_0028,499,0,failed,2026-04-02
inv_00168,cust_0029,2999,0,failed,2025-09-11
inv_00169,cust_0029,499,2999,paid,2025-10-11
inv_00170,cust_0029,999,2999,paid,2025-11-10
inv_00171,cust_0029,2999,999,paid,2025-12-10
inv_00172,cust_0029,499,499,paid,2026-01-09
inv_00173,cust_0029,999,999,paid,2026-02-08
inv_00174,cust_0029,499,0,failed,2026-03-10
inv_00175,cust_0029,999,499,paid,2026-04-09
inv_00176,cust_0030,2999,2999,paid,2025-08-01
inv_00177,cust_0030,2999,999,paid,2025-08-31
inv_00178,cust_0030,999,499,paid,2025-09-30
inv_00179,cust_0030,2999,999,paid,2025-10-30
inv_00180,cust_0030,499,999,paid,2025-11-29
inv_00181,cust_0030,999,499,paid,2025-12-29
inv_00182,cust_0030,999,499,paid,2026-01-28
inv_00183,cust_0030,2999,0,failed,2026-02-27
inv_00184,cust_0031,999,2999,paid,2025-12-10
inv_00185,cust_0031,999,0,failed,2026-01-09
inv_00186,cust_0031,499,0,failed,2026-02-08
inv_00187,cust_0031,499,999,paid,2026-03-10
inv_00188,cust_0031,2999,2999,paid,2026-04-09
inv_00189,cust_0031,499,499,paid,2026-05-09
inv_00190,cust_0032,2999,499,paid,2025-05-20
inv_00191,cust_0032,499,2999,paid,2025-06-19
inv_00192,cust_0032,999,499,paid,2025-07-19
inv_00193,cust_0032,499,2999,paid,2025-08-18
inv_00194,cust_0032,499,499,paid,2025-09-17
inv_00195,cust_0032,499,499,paid,2025-10-17
inv_00196,cust_0033,499,499,paid,2025-07-15
inv_00197,cust_0033,2999,499,paid,2025-08-14
inv_00198,cust_0033,999,499,paid,2025-09-13
inv_00199,cust_0033,2999,0,failed,2025-10-13
inv_00200,cust_0033,2999,499,paid,2025-11-12
inv_00201,cust_0033,999,0,failed,2025-12-12
inv_00202,cust_0033,2999,2999,paid,2026-01-11
inv_00203,cust_0033,2999,0,failed,2026-02-10
inv_00204,cust_0033,499,2999,paid,2026-03-12
inv_00205,cust_0033,2999,2999,paid,2026-04-11
inv_00206,cust_0033,499,2999,paid,2026-05-11
inv_00207,cust_0034,999,999,paid,2025-10-30
inv_00208,cust_0035,2999,0,failed,2026-01-04
inv_00209,cust_0035,499,499,paid,2026-02-03
inv_00210,cust_0035,499,499,paid,2026-03-05
inv_00211,cust_0035,2999,0,failed,2026-04-04
inv_00212,cust_0035,2999,2999,paid,2026-05-04
inv_00213,cust_0035,2999,2999,paid,2026-06-03
inv_00214,cust_0035,2999,2999,paid,2026-07-03
inv_00215,cust_0035,499,2999,paid,2026-08-02
inv_00216,cust_0035,2999,2999,paid,2026-09-01
inv_00217,cust_0035,999,499,paid,2026-10-01
inv_00218,cust_0035,999,499,paid,2026-10-31
inv_00219,cust_0036,999,999,paid,2025-12-03
inv_00220,cust_0036,999,999,paid,2026-01-02
inv_00221,cust_0036,999,999,paid,2026-02-01
inv_00222,cust_0036,999,2999,paid,2026-03-03
inv_00223,cust_0036,499,0,failed,2026-04-02
inv_00224,cust_0036,499,0,failed,2026-05-02
inv_00225,cust_0037,2999,499,paid,2025-07-18
inv_00226,cust_0037,2999,0,failed,2025-08-17
inv_00227,cust_0037,499,2999,paid,2025-09-16
inv_00228,cust_0037,999,2999,paid,2025-10-16
inv_00229,cust_0037,499,2999,paid,2025-11-15
inv_00230,cust_0037,999,2999,paid,2025-12-15
inv_00231,cust_0037,2999,2999,paid,2026-01-14
inv_00232,cust_0037,999,2999,paid,2026-02-13
inv_00233,cust_0037,999,499,paid,2026-03-15
inv_00234,cust_0037,499,999,paid,2026-04-14
inv_00235,cust_0037,499,2999,paid,2026-05-14
inv_00236,cust_0037,2999,2999,paid,2026-06-13
inv_00237,cust_0038,499,2999,paid,2025-08-08
inv_00238,cust_0038,2999,2999,paid,2025-09-07
inv_00239,cust_0038,999,499,paid,2025-10-07
inv_00240,cust_0038,999,999,paid,2025-11-06
inv_00241,cust_0038,499,499,paid,2025-12-06
inv_00242,cust_0038,499,999,paid,2026-01-05
inv_00243,cust_0038,2999,0,failed,2026-02-04
inv_00244,cust_0038,2999,499,paid,2026-03-06
inv_00245,cust_0038,999,999,paid,2026-04-05
inv_00246,cust_0038,999,499,paid,2026-05-05
inv_00247,cust_0039,2999,2999,paid,2025-10-14
inv_00248,cust_0039,499,0,failed,2025-11-13
inv_00249,cust_0039,2999,0,failed,2025-12-13
inv_00250,cust_0039,499,0,failed,2026-01-12
inv_00251,cust_0039,999,2999,paid,2026-02-11
inv_00252,cust_0040,999,999,paid,2025-03-08
inv_00253,cust_0040,499,2999,paid,2025-04-07
inv_00254,cust_0040,999,499,paid,2025-05-07
inv_00255,cust_0040,999,2999,paid,2025-06-06
inv_00256,cust_0040,499,999,paid,2025-07-06
inv_00257,cust_0040,499,2999,paid,2025-08-05
inv_00258,cust_0040,999,0,failed,2025-09-04
inv_00259,cust_0040,999,499,paid,2025-10-04
inv_00260,cust_0041,999,499,paid,2025-10-06
inv_00261,cust_0041,499,499,paid,2025-11-05
inv_00262,cust_0041,499,2999,paid,2025-12-05
inv_00263,cust_0041,999,2999,paid,2026-01-04
inv_00264,cust_0041,2999,0,failed,2026-02-03
inv_00265,cust_0042,499,999,paid,2025-07-12
inv_00266,cust_0043,999,2999,paid,2025-10-08
inv_00267,cust_0043,999,999,paid,2025-11-07
inv_00268,cust_0043,499,0,failed,2025-12-07
inv_00269,cust_0043,2999,499,paid,2026-01-06
inv_00270,cust_0043,999,2999,paid,2026-02-05
inv_00271,cust_0043,499,0,failed,2026-03-07
inv_00272,cust_0044,2999,999,paid,2025-06-05
inv_00273,cust_0044,999,0,failed,2025-07-05
inv_00274,cust_0044,999,499,paid,2025-08-04
inv_00275,cust_0044,2999,499,paid,2025-09-03
inv_00276,cust_0045,2999,0,failed,2025-09-20
inv_00277,cust_0045,999,0,failed,2025-10-20
inv_00278,cust_0045,499,2999,paid,2025-11-19
inv_00279,cust_0045,999,499,paid,2025-12-19
inv_00280,cust_0045,2999,0,failed,2026-01-18
inv_00281,cust_0045,2999,0,failed,2026-02-17
inv_00282,cust_0045,2999,0,failed,2026-03-19
inv_00283,cust_0045,2999,2999,paid,2026-04-18
inv_00284,cust_0045,2999,2999,paid,2026-05-18
inv_00285,cust_0045,999,2999,paid,2026-06-17
inv_00286,cust_0045,999,2999,paid,2026-07-17
inv_00287,cust_0046,999,999,paid,2025-12-03
inv_00288,cust_0046,2999,999,paid,2026-01-02
inv_00289,cust_0046,2999,0,failed,2026-02-01
inv_00290,cust_0047,499,999,paid,2025-05-19
inv_00291,cust_0047,999,0,failed,2025-06-18
inv_00292,cust_0048,2999,499,paid,2025-04-19
inv_00293,cust_0048,999,999,paid,2025-05-19
inv_00294,cust_0049,499,2999,paid,2025-12-24
inv_00295,cust_0049,2999,2999,paid,2026-01-23
inv_00296,cust_0049,2999,0,failed,2026-02-22
inv_00297,cust_0049,499,499,paid,2026-03-24
inv_00298,cust_0049,2999,999,paid,2026-04-23
inv_00299,cust_0049,2999,0,failed,2026-05-23
inv_00300,cust_0049,499,0,failed,2026-06-22
inv_00301,cust_0049,2999,999,paid,2026-07-22
inv_00302,cust_0049,999,499,paid,2026-08-21
inv_00303,cust_0049,999,999,paid,2026-09-20
inv_00304,cust_0050,2999,2999,paid,2025-10-20
inv_00305,cust_0050,2999,0,failed,2025-11-19
inv_00306,cust_0050,999,499,paid,2025-12-19
inv_00307,cust_0050,2999,0,failed,2026-01-18
inv_00308,cust_0050,2999,999,paid,2026-02-17
inv_00309,cust_0050,499,2999,paid,2026-03-19
inv_00310,cust_0050,2999,2999,paid,2026-04-18
inv_00311,cust_0051,2999,999,paid,2026-01-10
inv_00312,cust_0051,499,999,paid,2026-02-09
inv_00313,cust_0051,999,499,paid,2026-03-11
inv_00314,cust_0052,499,999,paid,2026-01-15
inv_00315,cust_0052,2999,2999,paid,2026-02-14
inv_00316,cust_0052,2999,499,paid,2026-03-16
inv_00317,cust_0052,999,2999,paid,2026-04-15
inv_00318,cust_0052,999,0,failed,2026-05-15
inv_00319,cust_0052,499,0,failed,2026-06-14
inv_00320,cust_0052,499,999,paid,2026-07-14
inv_00321,cust_0052,499,499,paid,2026-08-13
inv_00322,cust_0052,499,0,failed,2026-09-12
inv_00323,cust_0053,2999,2999,paid,2025-12-16
inv_00324,cust_0053,999,0,failed,2026-01-15
inv_00325,cust_0053,499,2999,paid,2026-02-14
inv_00326,cust_0053,499,499,paid,2026-03-16
inv_00327,cust_0053,2999,0,failed,2026-04-15
inv_00328,cust_0053,2999,499,paid,2026-05-15
inv_00329,cust_0053,999,999,paid,2026-06-14
inv_00330,cust_0053,999,499,paid,2026-07-14
inv_00331,cust_0053,999,2999,paid,2026-08-13
inv_00332,cust_0054,999,999,paid,2025-10-07
inv_00333,cust_0054,999,499,paid,2025-11-06
inv_00334,cust_0054,999,2999,paid,2025-12-06
inv_00335,cust_0054,999,999,paid,2026-01-05
inv_00336,cust_0055,499,499,paid,2025-07-18
inv_00337,cust_0055,999,499,paid,2025-08-17
inv_00338,cust_0055,999,0,failed,2025-09-16
inv_00339,cust_0055,499,2999,paid,2025-10-16
inv_00340,cust_0055,499,2999,paid,2025-11-15
inv_00341,cust_0055,999,499,paid,2025-12-15
inv_00342,cust_0055,499,2999,paid,2026-01-14
inv_00343,cust_0055,499,499,paid,2026-02-13
inv_00344,cust_0055,499,999,paid,2026-03-15
inv_00345,cust_0056,2999,0,failed,2025-03-03
inv_00346,cust_0056,499,999,paid,2025-04-02
inv_00347,cust_0056,999,499,paid,2025-05-02
inv_00348,cust_0056,2999,2999,paid,2025-06-01
inv_00349,cust_0056,499,499,paid,2025-07-01
inv_00350,cust_0056,999,0,failed,2025-07-31
inv_00351,cust_0056,2999,499,paid,2025-08-30
inv_00352,cust_0057,499,499,paid,2025-07-30
inv_00353,cust_0057,499,0,failed,2025-08-29
inv_00354,cust_0057,2999,2999,paid,2025-09-28
inv_00355,cust_0057,499,999,paid,2025-10-28
inv_00356,cust_0057,999,499,paid,2025-11-27
inv_00357,cust_0057,499,0,failed,2025-12-27
inv_00358,cust_0057,999,2999,paid,2026-01-26
inv_00359,cust_0057,999,0,failed,2026-02-25
inv_00360,cust_0058,2999,2999,paid,2025-07-03
inv_00361,cust_0058,499,2999,paid,2025-08-02
inv_00362,cust_0058,2999,499,paid,2025-09-01
inv_00363,cust_0058,999,2999,paid,2025-10-01
inv_00364,cust_0058,2999,0,failed,2025-10-31
inv_00365,cust_0058,999,0,failed,2025-11-30
inv_00366,cust_0058,2999,0,failed,2025-12-30
inv_00367,cust_0058,2999,2999,paid,2026-01-29
inv_00368,cust_0058,999,0,failed,2026-02-28
inv_00369,cust_0058,999,0,failed,2026-03-30
inv_00370,cust_0059,999,499,paid,2026-01-18
inv_00371,cust_0059,499,999,paid,2026-02-17
inv_00372,cust_0059,499,2999,paid,2026-03-19
inv_00373,cust_0059,999,2999,paid,2026-04-18
inv_00374,cust_0059,999,0,failed,2026-05-18
inv_00375,cust_0059,499,2999,paid,2026-06-17
inv_00376,cust_0060,999,2999,paid,2025-05-12
inv_00377,cust_0060,499,499,paid,2025-06-11
inv_00378,cust_0060,499,999,paid,2025-07-11
inv_00379,cust_0060,499,499,paid,2025-08-10
inv_00380,cust_0060,999,999,paid,2025-09-09
inv_00381,cust_0060,999,2999,paid,2025-10-09
inv_00382,cust_0060,499,2999,paid,2025-11-08
inv_00383,cust_0060,2999,499,paid,2025-12-08
inv_00384,cust_0060,999,499,paid,2026-01-07
inv_00385,cust_0060,2999,999,paid,2026-02-06
inv_00386,cust_0060,999,999,paid,2026-03-08
inv_00387,cust_0061,999,999,paid,2026-02-16
inv_00388,cust_0061,999,2999,paid,2026-03-18
inv_00389,cust_0061,999,2999,paid,2026-04-17
inv_00390,cust_0062,2999,499,paid,2026-01-20
inv_00391,cust_0062,499,499,paid,2026-02-19
inv_00392,cust_0063,999,999,paid,2025-09-03
inv_00393,cust_0063,499,999,paid,2025-10-03
inv_00394,cust_0063,999,999,paid,2025-11-02
inv_00395,cust_0063,999,0,failed,2025-12-02
inv_00396,cust_0063,999,999,paid,2026-01-01
inv_00397,cust_0063,499,499,paid,2026-01-31
inv_00398,cust_0064,2999,999,paid,2025-09-30
inv_00399,cust_0064,499,2999,paid,2025-10-30
inv_00400,cust_0064,2999,499,paid,2025-11-29
inv_00401,cust_0064,499,999,paid,2025-12-29
inv_00402,cust_0064,499,0,failed,2026-01-28
inv_00403,cust_0064,999,999,paid,2026-02-27
inv_00404,cust_0064,499,2999,paid,2026-03-29
inv_00405,cust_0064,999,2999,paid,2026-04-28
inv_00406,cust_0064,999,999,paid,2026-05-28
inv_00407,cust_0064,499,2999,paid,2026-06-27
inv_00408,cust_0064,999,999,paid,2026-07-27
inv_00409,cust_0065,499,499,paid,2025-12-14
inv_00410,cust_0065,2999,999,paid,2026-01-13
inv_00411,cust_0065,499,2999,paid,2026-02-12
inv_00412,cust_0065,2999,999,paid,2026-03-14
inv_00413,cust_0065,999,2999,paid,2026-04-13
inv_00414,cust_0065,499,999,paid,2026-05-13
inv_00415,cust_0065,499,0,failed,2026-06-12
inv_00416,cust_0065,999,2999,paid,2026-07-12
inv_00417,cust_0065,999,2999,paid,2026-08-11
inv_00418,cust_0065,499,2999,paid,2026-09-10
inv_00419,cust_0065,999,999,paid,2026-10-10
inv_00420,cust_0066,2999,2999,paid,2025-10-18
inv_00421,cust_0066,999,0,failed,2025-11-17
inv_00422,cust_0066,499,499,paid,2025-12-17
inv_00423,cust_0067,499,999,paid,2025-11-14
inv_00424,cust_0067,999,2999,paid,2025-12-14
inv_00425,cust_0067,499,2999,paid,2026-01-13
inv_00426,cust_0068,999,499,paid,2025-07-14
inv_00427,cust_0068,2999,2999,paid,2025-08-13
inv_00428,cust_0068,999,999,paid,2025-09-12
inv_00429,cust_0068,499,499,paid,2025-10-12
inv_00430,cust_0068,499,2999,paid,2025-11-11
inv_00431,cust_0068,2999,2999,paid,2025-12-11
inv_00432,cust_0068,2999,2999,paid,2026-01-10
inv_00433,cust_0068,999,499,paid,2026-02-09
inv_00434,cust_0068,499,499,paid,2026-03-11
inv_00435,cust_0068,499,999,paid,2026-04-10
inv_00436,cust_0069,499,2999,paid,2025-06-25
inv_00437,cust_0069,999,2999,paid,2025-07-25
inv_00438,cust_0069,499,999,paid,2025-08-24
inv_00439,cust_0070,499,999,paid,2025-03-26
inv_00440,cust_0070,2999,2999,paid,2025-04-25
inv_00441,cust_0070,2999,0,failed,2025-05-25
inv_00442,cust_0070,2999,0,failed,2025-06-24
inv_00443,cust_0070,2999,0,failed,2025-07-24
inv_00444,cust_0070,999,2999,paid,2025-08-23
inv_00445,cust_0070,499,2999,paid,2025-09-22
inv_00446,cust_0070,499,499,paid,2025-10-22
inv_00447,cust_0070,2999,0,failed,2025-11-21
inv_00448,cust_0070,2999,999,paid,2025-12-21
inv_00449,cust_0070,999,2999,paid,2026-01-20
inv_00450,cust_0071,2999,999,paid,2025-08-30
inv_00451,cust_0071,999,2999,paid,2025-09-29
inv_00452,cust_0071,999,2999,paid,2025-10-29
inv_00453,cust_0071,2999,499,paid,2025-11-28
inv_00454,cust_0071,999,0,failed,2025-12-28
inv_00455,cust_0071,499,999,paid,2026-01-27
inv_00456,cust_0071,999,499,paid,2026-02-26
inv_00457,cust_0071,2999,999,paid,2026-03-28
inv_00458,cust_0071,999,999,paid,2026-04-27
inv_00459,cust_0071,999,0,failed,2026-05-27
inv_00460,cust_0072,499,999,paid,2025-11-14
inv_00461,cust_0072,999,999,paid,2025-12-14
inv_00462,cust_0072,499,499,paid,2026-01-13
inv_00463,cust_0072,2999,999,paid,2026-02-12
inv_00464,cust_0072,999,499,paid,2026-03-14
inv_00465,cust_0072,999,2999,paid,2026-04-13
inv_00466,cust_0072,499,0,failed,2026-05-13
inv_00467,cust_0072,999,2999,paid,2026-06-12
inv_00468,cust_0072,999,999,paid,2026-07-12
inv_00469,cust_0073,999,0,failed,2025-07-18
inv_00470,cust_0074,499,499,paid,2025-10-15
inv_00471,cust_0074,499,499,paid,2025-11-14
inv_00472,cust_0074,2999,2999,paid,2025-12-14
inv_00473,cust_0074,2999,999,paid,2026-01-13
inv_00474,cust_0074,499,0,failed,2026-02-12
inv_00475,cust_0074,2999,999,paid,2026-03-14
inv_00476,cust_0074,999,999,paid,2026-04-13
inv_00477,cust_0074,499,0,failed,2026-05-13
inv_00478,cust_0074,999,499,paid,2026-06-12
inv_00479,cust_0075,2999,999,paid,2025-12-31
inv_00480,cust_0075,999,2999,paid,2026-01-30
inv_00481,cust_0075,2999,2999,paid,2026-03-01
inv_00482,cust_0075,499,499,paid,2026-03-31
inv_00483,cust_0075,2999,999,paid,2026-04-30
inv_00484,cust_0075,499,499,paid,2026-05-30
inv_00485,cust_0075,2999,999,paid,2026-06-29
inv_00486,cust_0075,499,0,failed,2026-07-29
inv_00487,cust_0075,999,0,failed,2026-08-28
inv_00488,cust_0076,2999,499,paid,2026-02-12
inv_00489,cust_0076,999,499,paid,2026-03-14
inv_00490,cust_0076,499,999,paid,2026-04-13
inv_00491,cust_0076,2999,2999,paid,2026-05-13
inv_00492,cust_0076,999,2999,paid,2026-06-12
inv_00493,cust_0076,2999,2999,paid,2026-07-12
inv_00494,cust_0076,999,2999,paid,2026-08-11
inv_00495,cust_0076,999,499,paid,2026-09-10
inv_00496,cust_0077,2999,999,paid,2025-11-26
inv_00497,cust_0077,2999,2999,paid,2025-12-26
inv_00498,cust_0077,999,2999,paid,2026-01-25
inv_00499,cust_0077,2999,2999,paid,2026-02-24
inv_00500,cust_0077,499,2999,paid,2026-03-26
inv_00501,cust_0077,2999,499,paid,2026-04-25
inv_00502,cust_0078,499,999,paid,2025-11-02
inv_00503,cust_0078,499,499,paid,2025-12-02
inv_00504,cust_0078,499,2999,paid,2026-01-01
inv_00505,cust_0078,999,0,failed,2026-01-31
inv_00506,cust_0078,999,499,paid,2026-03-02
inv_00507,cust_0078,2999,999,paid,2026-04-01
inv_00508,cust_0078,2999,999,paid,2026-05-01
inv_00509,cust_0078,499,2999,paid,2026-05-31
inv_00510,cust_0078,999,2999,paid,2026-06-30
inv_00511,cust_0078,2999,999,paid,2026-07-30
inv_00512,cust_0078,999,499,paid,2026-08-29
inv_00513,cust_0079,2999,999,paid,2025-11-27
inv_00514,cust_0079,2999,2999,paid,2025-12-27
inv_00515,cust_0079,999,2999,paid,2026-01-26
inv_00516,cust_0079,499,499,paid,2026-02-25
inv_00517,cust_0079,499,999,paid,2026-03-27
inv_00518,cust_0079,999,999,paid,2026-04-26
inv_00519,cust_0079,2999,2999,paid,2026-05-26
inv_00520,cust_0079,999,999,paid,2026-06-25
inv_00521,cust_0079,999,2999,paid,2026-07-25
inv_00522,cust_0080,2999,0,failed,2025-10-07
inv_00523,cust_0080,999,999,paid,2025-11-06
inv_00524,cust_0080,999,499,paid,2025-12-06
inv_00525,cust_0080,2999,0,failed,2026-01-05
inv_00526,cust_0080,999,0,failed,2026-02-04
inv_00527,cust_0081,499,999,paid,2025-02-28
inv_00528,cust_0081,999,2999,paid,2025-03-30
inv_00529,cust_0081,999,2999,paid,2025-04-29
inv_00530,cust_0081,2999,0,failed,2025-05-29
inv_00531,cust_0081,499,499,paid,2025-06-28
inv_00532,cust_0081,2999,0,failed,2025-07-28
inv_00533,cust_0081,499,499,paid,2025-08-27
inv_00534,cust_0081,999,0,failed,2025-09-26
inv_00535,cust_0081,2999,499,paid,2025-10-26
inv_00536,cust_0081,2999,499,paid,2025-11-25
inv_00537,cust_0081,999,499,paid,2025-12-25
inv_00538,cust_0082,999,999,paid,2025-06-15
inv_00539,cust_0082,999,999,paid,2025-07-15
inv_00540,cust_0082,499,499,paid,2025-08-14
inv_00541,cust_0082,2999,499,paid,2025-09-13
inv_00542,cust_0082,499,499,paid,2025-10-13
inv_00543,cust_0082,499,499,paid,2025-11-12
inv_00544,cust_0082,999,999,paid,2025-12-12
inv_00545,cust_0082,2999,0,failed,2026-01-11
inv_00546,cust_0082,499,999,paid,2026-02-10
inv_00547,cust_0082,2999,0,failed,2026-03-12
inv_00548,cust_0082,999,999,paid,2026-04-11
inv_00549,cust_0083,2999,2999,paid,2025-10-31
inv_00550,cust_0083,2999,499,paid,2025-11-30
inv_00551,cust_0083,499,499,paid,2025-12-30
inv_00552,cust_0083,999,2999,paid,2026-01-29
inv_00553,cust_0083,499,2999,paid,2026-02-28
inv_00554,cust_0083,999,0,failed,2026-03-30
inv_00555,cust_0083,2999,2999,paid,2026-04-29
inv_00556,cust_0083,2999,499,paid,2026-05-29
inv_00557,cust_0084,2999,999,paid,2025-05-18
inv_00558,cust_0084,2999,999,paid,2025-06-17
inv_00559,cust_0084,499,0,failed,2025-07-17
inv_00560,cust_0084,499,499,paid,2025-08-16
inv_00561,cust_0084,999,499,paid,2025-09-15
inv_00562,cust_0084,999,999,paid,2025-10-15
inv_00563,cust_0084,499,2999,paid,2025-11-14
inv_00564,cust_0084,2999,999,paid,2025-12-14
inv_00565,cust_0084,499,2999,paid,2026-01-13
inv_00566,cust_0084,999,499,paid,2026-02-12
inv_00567,cust_0084,999,2999,paid,2026-03-14
inv_00568,cust_0085,999,0,failed,2026-01-21
inv_00569,cust_0085,499,499,paid,2026-02-20
inv_00570,cust_0085,499,999,paid,2026-03-22
inv_00571,cust_0085,999,2999,paid,2026-04-21
inv_00572,cust_0085,999,2999,paid,2026-05-21
inv_00573,cust_0085,499,2999,paid,2026-06-20
inv_00574,cust_0085,2999,2999,paid,2026-07-20
inv_00575,cust_0085,2999,499,paid,2026-08-19
inv_00576,cust_0085,999,2999,paid,2026-09-18
inv_00577,cust_0085,2999,0,failed,2026-10-18
inv_00578,cust_0085,2999,0,failed,2026-11-17
inv_00579,cust_0085,2999,499,paid,2026-12-17
inv_00580,cust_0086,999,0,failed,2025-06-07
inv_00581,cust_0086,499,999,paid,2025-07-07
inv_00582,cust_0086,2999,2999,paid,2025-08-06
inv_00583,cust_0086,999,2999,paid,2025-09-05
inv_00584,cust_0086,499,999,paid,2025-10-05
inv_00585,cust_0086,2999,999,paid,2025-11-04
inv_00586,cust_0086,999,0,failed,2025-12-04
inv_00587,cust_0086,2999,999,paid,2026-01-03
inv_00588,cust_0086,999,0,failed,2026-02-02
inv_00589,cust_0087,499,2999,paid,2025-06-04
inv_00590,cust_0088,499,2999,paid,2026-01-15
inv_00591,cust_0089,999,499,paid,2025-10-22
inv_00592,cust_0089,999,0,failed,2025-11-21
inv_00593,cust_0089,499,0,failed,2025-12-21
inv_00594,cust_0089,2999,2999,paid,2026-01-20
inv_00595,cust_0089,999,999,paid,2026-02-19
inv_00596,cust_0089,999,999,paid,2026-03-21
inv_00597,cust_0089,2999,0,failed,2026-04-20
inv_00598,cust_0089,2999,499,paid,2026-05-20
inv_00599,cust_0089,499,499,paid,2026-06-19
inv_00600,cust_0090,2999,499,paid,2025-10-16
inv_00601,cust_0090,499,499,paid,2025-11-15
inv_00602,cust_0090,2999,999,paid,2025-12-15
inv_00603,cust_0090,2999,999,paid,2026-01-14
inv_00604,cust_0090,499,499,paid,2026-02-13
inv_00605,cust_0090,999,499,paid,2026-03-15
inv_00606,cust_0090,2999,0,failed,2026-04-14
inv_00607,cust_0090,2999,499,paid,2026-05-14
inv_00608,cust_0090,499,499,paid,2026-06-13
inv_00609,cust_0091,2999,0,failed,2025-04-08
inv_00610,cust_0091,2999,0,failed,2025-05-08
inv_00611,cust_0091,499,499,paid,2025-06-07
inv_00612,cust_0091,999,999,paid,2025-07-07
inv_00613,cust_0092,499,499,paid,2025-04-27
inv_00614,cust_0092,499,999,paid,2025-05-27
inv_00615,cust_0092,2999,2999,paid,2025-06-26
inv_00616,cust_0092,2999,2999,paid,2025-07-26
inv_00617,cust_0093,2999,499,paid,2025-10-09
inv_00618,cust_0093,999,999,paid,2025-11-08
inv_00619,cust_0093,2999,2999,paid,2025-12-08
inv_00620,cust_0093,2999,499,paid,2026-01-07
inv_00621,cust_0093,999,2999,paid,2026-02-06
inv_00622,cust_0093,999,0,failed,2026-03-08
inv_00623,cust_0094,999,2999,paid,2025-09-12
inv_00624,cust_0094,499,999,paid,2025-10-12
inv_00625,cust_0094,2999,499,paid,2025-11-11
inv_00626,cust_0094,999,499,paid,2025-12-11
inv_00627,cust_0094,999,499,paid,2026-01-10
inv_00628,cust_0094,999,2999,paid,2026-02-09
inv_00629,cust_0094,2999,2999,paid,2026-03-11
inv_00630,cust_0094,499,0,failed,2026-04-10
inv_00631,cust_0094,2999,999,paid,2026-05-10
inv_00632,cust_0094,999,0,failed,2026-06-09
inv_00633,cust_0094,2999,499,paid,2026-07-09
inv_00634,cust_0095,999,499,paid,2025-12-14
inv_00635,cust_0095,2999,2999,paid,2026-01-13
inv_00636,cust_0095,499,0,failed,2026-02-12
inv_00637,cust_0095,2999,0,failed,2026-03-14
inv_00638,cust_0095,499,2999,paid,2026-04-13
inv_00639,cust_0095,999,999,paid,2026-05-13
inv_00640,cust_0095,499,499,paid,2026-06-12
inv_00641,cust_0095,499,2999,paid,2026-07-12
inv_00642,cust_0095,499,999,paid,2026-08-11
inv_00643,cust_0095,499,2999,paid,2026-09-10
inv_00644,cust_0095,2999,499,paid,2026-10-10
inv_00645,cust_0095,999,999,paid,2026-11-09
inv_00646,cust_0096,999,999,paid,2026-01-13
inv_00647,cust_0096,999,2999,paid,2026-02-12
inv_00648,cust_0096,999,2999,paid,2026-03-14
inv_00649,cust_0096,499,999,paid,2026-04-13
inv_00650,cust_0096,499,999,paid,2026-05-13
inv_00651,cust_0096,2999,499,paid,2026-06-12
inv_00652,cust_0096,999,0,failed,2026-07-12
inv_00653,cust_0096,2999,2999,paid,2026-08-11
inv_00654,cust_0097,499,499,paid,2025-05-07
inv_00655,cust_0097,2999,999,paid,2025-06-06
inv_00656,cust_0097,2999,999,paid,2025-07-06
inv_00657,cust_0097,999,2999,paid,2025-08-05
inv_00658,cust_0097,2999,999,paid,2025-09-04
inv_00659,cust_0097,999,999,paid,2025-10-04
inv_00660,cust_0097,999,0,failed,2025-11-03
inv_00661,cust_0097,2999,0,failed,2025-12-03
inv_00662,cust_0097,2999,499,paid,2026-01-02
inv_00663,cust_0097,2999,499,paid,2026-02-01
inv_00664,cust_0097,499,0,failed,2026-03-03
inv_00665,cust_0097,499,2999,paid,2026-04-02
inv_00666,cust_0098,499,2999,paid,2025-11-02
inv_00667,cust_0099,499,499,paid,2025-08-25
inv_00668,cust_0099,499,999,paid,2025-09-24
inv_00669,cust_0100,999,2999,paid,2025-08-14
inv_00670,cust_0100,499,499,paid,2025-09-13
inv_00671,cust_0100,499,999,paid,2025-10-13
inv_00672,cust_0100,2999,0,failed,2025-11-12
inv_00673,cust_0100,499,999,paid,2025-12-12
inv_00674,cust_0100,2999,2999,paid,2026-01-11
inv_00675,cust_0100,499,499,paid,2026-02-10
inv_00676,cust_0100,499,2999,paid,2026-03-12
inv_00677,cust_0100,2999,2999,paid,2026-04-11
inv_00678,cust_0100,999,999,paid,2026-05-11
